image_path,transcription
C:\Users\nikk6\OneDrive\Desktop\OCR_2\data_generation_kraken\project\output3\1\line_001.png,"A Vos, Dulcissimo Niño"
C:\Users\nikk6\OneDrive\Desktop\OCR_2\data_generation_kraken\project\output3\1\line_002.png,"JESUS, que no solo os"
C:\Users\nikk6\OneDrive\Desktop\OCR_2\data_generation_kraken\project\output3\1\line_003.png,dignasteis de llamaros
C:\Users\nikk6\OneDrive\Desktop\OCR_2\data_generation_kraken\project\output3\1\line_004.png,"Doctor de los Niños,"
C:\Users\nikk6\OneDrive\Desktop\OCR_2\data_generation_kraken\project\output3\1\line_005.png,sino también de assis-
C:\Users\nikk6\OneDrive\Desktop\OCR_2\data_generation_kraken\project\output3\1\line_006.png,"tir como Niño entre los Doctores,"
C:\Users\nikk6\OneDrive\Desktop\OCR_2\data_generation_kraken\project\output3\1\line_007.png,se consagra humilde esta pequeña
C:\Users\nikk6\OneDrive\Desktop\OCR_2\data_generation_kraken\project\output3\1\line_008.png,"Instrucción de los Niños. Es assi,"
C:\Users\nikk6\OneDrive\Desktop\OCR_2\data_generation_kraken\project\output3\1\line_009.png,que ella también se dirige a la ju-
C:\Users\nikk6\OneDrive\Desktop\OCR_2\data_generation_kraken\project\output3\1\line_010.png,"ventud; pero a esta, como recuer-"
C:\Users\nikk6\OneDrive\Desktop\OCR_2\data_generation_kraken\project\output3\1\line_011.png,"do de lo que aprendió, a los Ni-"
C:\Users\nikk6\OneDrive\Desktop\OCR_2\data_generation_kraken\project\output3\1\line_012.png,"ños, como precisa explicacion de"
C:\Users\nikk6\OneDrive\Desktop\OCR_2\data_generation_kraken\project\output3\1\line_013.png,lo que deben estudiar. Por este so-
C:\Users\nikk6\OneDrive\Desktop\OCR_2\data_generation_kraken\project\output3\1\line_014.png,lo titulo es muy vuestra; y por
C:\Users\nikk6\OneDrive\Desktop\OCR_2\data_generation_kraken\project\output3\1\line_015.png,"ser para Niños, que confiais a la"
C:\Users\nikk6\OneDrive\Desktop\OCR_2\data_generation_kraken\project\output3\1\line_016.png,"educacion de vuestra Compañia,"
C:\Users\nikk6\OneDrive\Desktop\OCR_2\data_generation_kraken\project\output3\1\line_017.png,"lo es mucho mas. En Vos, (Divi-"
C:\Users\nikk6\OneDrive\Desktop\OCR_2\data_generation_kraken\project\output3\1\line_018.png,no Exemplar de todas las virtu-
C:\Users\nikk6\OneDrive\Desktop\OCR_2\data_generation_kraken\project\output3\1\line_019.png,des) tienen abreviado el mas se-
C:\Users\nikk6\OneDrive\Desktop\OCR_2\data_generation_kraken\project\output3\2\line_001.png,guro disseño de su edad: la Reli-
C:\Users\nikk6\OneDrive\Desktop\OCR_2\data_generation_kraken\project\output3\2\line_002.png,gion para con Dios en la devota
C:\Users\nikk6\OneDrive\Desktop\OCR_2\data_generation_kraken\project\output3\2\line_003.png,assistencia a los Templos; la piedad
C:\Users\nikk6\OneDrive\Desktop\OCR_2\data_generation_kraken\project\output3\2\line_004.png,con los Padres en la obediencia
C:\Users\nikk6\OneDrive\Desktop\OCR_2\data_generation_kraken\project\output3\2\line_005.png,"mas rendida; y la modestia, y de-"
C:\Users\nikk6\OneDrive\Desktop\OCR_2\data_generation_kraken\project\output3\2\line_006.png,"seo de saber, con los mayores,"
C:\Users\nikk6\OneDrive\Desktop\OCR_2\data_generation_kraken\project\output3\2\line_007.png,"gustando mas de oir, y pregun-"
C:\Users\nikk6\OneDrive\Desktop\OCR_2\data_generation_kraken\project\output3\2\line_008.png,"tar, que de definir, y resolver. Bien"
C:\Users\nikk6\OneDrive\Desktop\OCR_2\data_generation_kraken\project\output3\2\line_009.png,que esto en vuestra infinita Sabi-
C:\Users\nikk6\OneDrive\Desktop\OCR_2\data_generation_kraken\project\output3\2\line_010.png,"duria fue soberana dignacion, y"
C:\Users\nikk6\OneDrive\Desktop\OCR_2\data_generation_kraken\project\output3\2\line_011.png,en la natural ignorancia de los
C:\Users\nikk6\OneDrive\Desktop\OCR_2\data_generation_kraken\project\output3\2\line_012.png,Niños es indispensable necessi-
C:\Users\nikk6\OneDrive\Desktop\OCR_2\data_generation_kraken\project\output3\2\line_013.png,dad.
C:\Users\nikk6\OneDrive\Desktop\OCR_2\data_generation_kraken\project\output3\2\line_014.png,Ni tienen solamente en Vos
C:\Users\nikk6\OneDrive\Desktop\OCR_2\data_generation_kraken\project\output3\2\line_015.png,"el disseño, la luz, y el exemplo,"
C:\Users\nikk6\OneDrive\Desktop\OCR_2\data_generation_kraken\project\output3\2\line_016.png,"sino tambien el amor, y protec-"
C:\Users\nikk6\OneDrive\Desktop\OCR_2\data_generation_kraken\project\output3\2\line_017.png,"cion. Vos, como singular Maes-"
C:\Users\nikk6\OneDrive\Desktop\OCR_2\data_generation_kraken\project\output3\2\line_018.png,"tro de los Niños, les dais enten-"
C:\Users\nikk6\OneDrive\Desktop\OCR_2\data_generation_kraken\project\output3\2\line_019.png,"dimiento, y comunicais la sabi-"
C:\Users\nikk6\OneDrive\Desktop\OCR_2\data_generation_kraken\project\output3\2\line_020.png,duria. Vos les prometeis el Reyno
C:\Users\nikk6\OneDrive\Desktop\OCR_2\data_generation_kraken\project\output3\2\line_021.png,"de los Cielos, y os indignais con"
C:\Users\nikk6\OneDrive\Desktop\OCR_2\data_generation_kraken\project\output3\2\line_022.png,"quien les aparta de Vos, y les"
C:\Users\nikk6\OneDrive\Desktop\OCR_2\data_generation_kraken\project\output3\2\line_023.png,proponeis por norma del can-
C:\Users\nikk6\OneDrive\Desktop\OCR_2\data_generation_kraken\project\output3\2\line_024.png,"dor, inocencia, y christiana hu-"
C:\Users\nikk6\OneDrive\Desktop\OCR_2\data_generation_kraken\project\output3\2\line_025.png,mildad. Vuestro amor parece que
C:\Users\nikk6\OneDrive\Desktop\OCR_2\data_generation_kraken\project\output3\2\line_026.png,"no pudo explicarse mas tierno, y"
C:\Users\nikk6\OneDrive\Desktop\OCR_2\data_generation_kraken\project\output3\2\line_027.png,"liberal con los Niños, pues no"
C:\Users\nikk6\OneDrive\Desktop\OCR_2\data_generation_kraken\project\output3\2\line_028.png,contento de echarles vuestras di-
C:\Users\nikk6\OneDrive\Desktop\OCR_2\data_generation_kraken\project\output3\3\line_001.png,"divinas bendiciones, les unisteis"
C:\Users\nikk6\OneDrive\Desktop\OCR_2\data_generation_kraken\project\output3\3\line_002.png,a vuestro sagrado pecho con sua-
C:\Users\nikk6\OneDrive\Desktop\OCR_2\data_generation_kraken\project\output3\3\line_003.png,"vissimos abrazos. Dichosa edad,"
C:\Users\nikk6\OneDrive\Desktop\OCR_2\data_generation_kraken\project\output3\3\line_004.png,que os merecio tan regalados cariños!
C:\Users\nikk6\OneDrive\Desktop\OCR_2\data_generation_kraken\project\output3\3\line_005.png,Y pues en la celestial Jeru-
C:\Users\nikk6\OneDrive\Desktop\OCR_2\data_generation_kraken\project\output3\3\line_006.png,salen no ha mudado de condicion
C:\Users\nikk6\OneDrive\Desktop\OCR_2\data_generation_kraken\project\output3\3\line_007.png,"vuestra Benignidad, proseguid,"
C:\Users\nikk6\OneDrive\Desktop\OCR_2\data_generation_kraken\project\output3\3\line_008.png,"o Niño tierno, y Dios Eterno,"
C:\Users\nikk6\OneDrive\Desktop\OCR_2\data_generation_kraken\project\output3\3\line_009.png,"proseguid en bendecirles, y favo-"
C:\Users\nikk6\OneDrive\Desktop\OCR_2\data_generation_kraken\project\output3\3\line_011.png,recerles. Sean tan fervorosamen-
C:\Users\nikk6\OneDrive\Desktop\OCR_2\data_generation_kraken\project\output3\3\line_012.png,te devotos de vuestra Admirable
C:\Users\nikk6\OneDrive\Desktop\OCR_2\data_generation_kraken\project\output3\3\line_013.png,"MADRE, que se porten como sus"
C:\Users\nikk6\OneDrive\Desktop\OCR_2\data_generation_kraken\project\output3\3\line_014.png,"hijos, y hermanos de leche con"
C:\Users\nikk6\OneDrive\Desktop\OCR_2\data_generation_kraken\project\output3\3\line_015.png,"Vos. Seran sabios, si fueren cas-"
C:\Users\nikk6\OneDrive\Desktop\OCR_2\data_generation_kraken\project\output3\3\line_016.png,tos; que no entra vuestra Sabi-
C:\Users\nikk6\OneDrive\Desktop\OCR_2\data_generation_kraken\project\output3\3\line_017.png,"duria, donde no ay mucha pure-"
C:\Users\nikk6\OneDrive\Desktop\OCR_2\data_generation_kraken\project\output3\3\line_018.png,za de conciencia. Crezcan en
C:\Users\nikk6\OneDrive\Desktop\OCR_2\data_generation_kraken\project\output3\3\line_019.png,"vuestro santo temor, y amor, co-"
C:\Users\nikk6\OneDrive\Desktop\OCR_2\data_generation_kraken\project\output3\3\line_020.png,"como en los años, y mucho mas."
C:\Users\nikk6\OneDrive\Desktop\OCR_2\data_generation_kraken\project\output3\3\line_021.png,"Adelantense en la virtud, como"
C:\Users\nikk6\OneDrive\Desktop\OCR_2\data_generation_kraken\project\output3\3\line_022.png,"en las letras, y mucho mas; has-"
C:\Users\nikk6\OneDrive\Desktop\OCR_2\data_generation_kraken\project\output3\3\line_023.png,"ta que lleguen, por vuesetra imi-"
C:\Users\nikk6\OneDrive\Desktop\OCR_2\data_generation_kraken\project\output3\3\line_024.png,"tacion, a ser varones perfectos,"
C:\Users\nikk6\OneDrive\Desktop\OCR_2\data_generation_kraken\project\output3\3\line_025.png,"y consumados, agradables a"
C:\Users\nikk6\OneDrive\Desktop\OCR_2\data_generation_kraken\project\output3\3\line_026.png,"vuestros ojos, y provechosos a"
C:\Users\nikk6\OneDrive\Desktop\OCR_2\data_generation_kraken\project\output3\3\line_027.png,"la Republica, que libra casi to-"
C:\Users\nikk6\OneDrive\Desktop\OCR_2\data_generation_kraken\project\output3\3\line_028.png,da su felizidad en la acertada
C:\Users\nikk6\OneDrive\Desktop\OCR_2\data_generation_kraken\project\output3\4\line_001.png,"crianza de la niñez. Assi sea,"
C:\Users\nikk6\OneDrive\Desktop\OCR_2\data_generation_kraken\project\output3\4\line_002.png,"Divinissimo Niño, por vuestra"
C:\Users\nikk6\OneDrive\Desktop\OCR_2\data_generation_kraken\project\output3\4\line_003.png,"gracia, assi sea, a vuestra ma-"
C:\Users\nikk6\OneDrive\Desktop\OCR_2\data_generation_kraken\project\output3\4\line_004.png,yor gloria. Amen.
C:\Users\nikk6\OneDrive\Desktop\OCR_2\data_generation_kraken\project\output3\7\line_001.png,"QUANDO En Madrid bese a v. m. las manos, demas del contento que siempre recibo"
C:\Users\nikk6\OneDrive\Desktop\OCR_2\data_generation_kraken\project\output3\7\line_002.png,"de hazerlo, y de cumplir con las obligaciones generales, y particulares, que a la per-"
C:\Users\nikk6\OneDrive\Desktop\OCR_2\data_generation_kraken\project\output3\7\line_003.png,"sonade v. m. tengo ver me holgue grandemente de, la primera parte del libro q v. m. ha"
C:\Users\nikk6\OneDrive\Desktop\OCR_2\data_generation_kraken\project\output3\7\line_004.png,"tantos años que trabaja, y ha comenzado a imprimir: porque teniendo yo opinion de"
C:\Users\nikk6\OneDrive\Desktop\OCR_2\data_generation_kraken\project\output3\7\line_005.png,"que desta obra se ha de seguir gran utilidad, y honor a la nacion Española, estoy muy contento de"
C:\Users\nikk6\OneDrive\Desktop\OCR_2\data_generation_kraken\project\output3\7\line_006.png,"que esto proceda de persona que tanto me toca, peus es notorio el Deudo que v. m. tiene con la an-"
C:\Users\nikk6\OneDrive\Desktop\OCR_2\data_generation_kraken\project\output3\7\line_007.png,"tigua, y noble casa de Valero, de donde yo tengo la decendencia, y es tambien notorio ser v. m."
C:\Users\nikk6\OneDrive\Desktop\OCR_2\data_generation_kraken\project\output3\7\line_008.png,"sobrino de los dos mas insignes varones que ha tenido nuestro siglo en letras, criados ambos en esta"
C:\Users\nikk6\OneDrive\Desktop\OCR_2\data_generation_kraken\project\output3\7\line_009.png,"santa casa de San Salvador de Oviedo. El primero el gran Diego de Covarruvias, que basta dezir"
C:\Users\nikk6\OneDrive\Desktop\OCR_2\data_generation_kraken\project\output3\7\line_010.png,"su nombre, para que en todo el mundo se entienda lo que merecio, y valio, el hombre mayor en el"
C:\Users\nikk6\OneDrive\Desktop\OCR_2\data_generation_kraken\project\output3\7\line_011.png,"conocimiento de las letras humanas, y divinas, que ha tenido España, el que las naciones estran-"
C:\Users\nikk6\OneDrive\Desktop\OCR_2\data_generation_kraken\project\output3\7\line_012.png,"geras llaman el Bartulo Español, gran Prelado, exemplo de los que tienen la suprema autoridad"
C:\Users\nikk6\OneDrive\Desktop\OCR_2\data_generation_kraken\project\output3\7\line_013.png,"Episcopal, gran Presidente del Real Consejo de Castilla, por cuyas pisadas han caminado todos"
C:\Users\nikk6\OneDrive\Desktop\OCR_2\data_generation_kraken\project\output3\7\line_014.png,"los que han deseado mucho cumplir con las obligaciones de aquel oficio, de cuyas obras no ten-"
C:\Users\nikk6\OneDrive\Desktop\OCR_2\data_generation_kraken\project\output3\7\line_015.png,"go para que hablar, pues son tan conocidas, y celebradas en el mundo. De lo que puedo ser testigo"
C:\Users\nikk6\OneDrive\Desktop\OCR_2\data_generation_kraken\project\output3\7\line_016.png,"de vista, es que en este Colegio mayor de Oviedo esta la joya que mas estimo en la vida, que es su"
C:\Users\nikk6\OneDrive\Desktop\OCR_2\data_generation_kraken\project\output3\7\line_017.png,"librería, con que ser de las mas copiosas que ay en España, y de todo genero de facultades, no ay"
C:\Users\nikk6\OneDrive\Desktop\OCR_2\data_generation_kraken\project\output3\7\line_018.png,"libro ninguno en ella que no este todo glossado de su mano, cosa que como admira a todos, puede"
C:\Users\nikk6\OneDrive\Desktop\OCR_2\data_generation_kraken\project\output3\7\line_019.png,"enseñar a los de nuestro siglo a ser estudiantes como lo han de ser, pues en el golfo de los negocios,"
C:\Users\nikk6\OneDrive\Desktop\OCR_2\data_generation_kraken\project\output3\7\line_020.png,"y gobierno del mundo, jamas se descuydo de passar, y estudiar sus libros. El otro deudo nuestro,"
C:\Users\nikk6\OneDrive\Desktop\OCR_2\data_generation_kraken\project\output3\7\line_021.png,"y tio de v. m. fue el señor don Antonio de Covarruvias, hermano suyo, primero del Consejo Real"
C:\Users\nikk6\OneDrive\Desktop\OCR_2\data_generation_kraken\project\output3\7\line_022.png,"de Castilla, y despues Canonigo, y Maestrescuela de la Santa Iglesia de Toledo, donde murio con"
C:\Users\nikk6\OneDrive\Desktop\OCR_2\data_generation_kraken\project\output3\7\line_023.png,universal sentimiento de todos los hombres doctos: porque aunque no se aplicó a escribir como su
C:\Users\nikk6\OneDrive\Desktop\OCR_2\data_generation_kraken\project\output3\7\line_024.png,"hermano, fue opinion muy cierta de todos que lo pudiera hazer tambien como el. Fue el oraculo"
C:\Users\nikk6\OneDrive\Desktop\OCR_2\data_generation_kraken\project\output3\7\line_025.png,"de todos los hombres doctos de todas las facultades, a los quales aunque avia perdido totalmente"
C:\Users\nikk6\OneDrive\Desktop\OCR_2\data_generation_kraken\project\output3\7\line_026.png,"el sentido del oido, hablava a cada uno en la suya cosas tan exquisitas, que ninguno se apartava"
C:\Users\nikk6\OneDrive\Desktop\OCR_2\data_generation_kraken\project\output3\7\line_027.png,"del, sin grandissima admiracion: pero particularmente los que professavan letras humanas, le te-"
C:\Users\nikk6\OneDrive\Desktop\OCR_2\data_generation_kraken\project\output3\7\line_028.png,"nian por milagro en ellas, por el grande conocimiento, y nunca visto en hombre Español de la"
C:\Users\nikk6\OneDrive\Desktop\OCR_2\data_generation_kraken\project\output3\7\line_029.png,"lengua Griega, y Latina, y admirable gracia, y don en la facultad Poetica. Estos ilustres varones"
C:\Users\nikk6\OneDrive\Desktop\OCR_2\data_generation_kraken\project\output3\7\line_030.png,"salieron deste Colegio, de donde avia salido aquel varon nunca acabado de alabar, el Doctor"
C:\Users\nikk6\OneDrive\Desktop\OCR_2\data_generation_kraken\project\output3\7\line_031.png,"Martin Azpilcueta Navarro, nobilissimo en sangre, santissimo en costumbres, y admirable en"
C:\Users\nikk6\OneDrive\Desktop\OCR_2\data_generation_kraken\project\output3\7\line_032.png,"erudicion, cuyas obras han merecido la mayor aprobacion que las de ningun hombre de nuestro"
C:\Users\nikk6\OneDrive\Desktop\OCR_2\data_generation_kraken\project\output3\7\line_033.png,"siglo. Las pisadas destos tales tres varones impressas en este Colegio, mueven mucho a los que en"
C:\Users\nikk6\OneDrive\Desktop\OCR_2\data_generation_kraken\project\output3\7\line_034.png,"el estamos a la imitacion dellos, y a toda España a reconocer la deuda grande, que a esta santa casa"
C:\Users\nikk6\OneDrive\Desktop\OCR_2\data_generation_kraken\project\output3\7\line_035.png,"tiene, por averselos criado, y dado, sin otros infinitos que en su tanto la han honrado mucho."
C:\Users\nikk6\OneDrive\Desktop\OCR_2\data_generation_kraken\project\output3\7\line_036.png,"Prendas son estas señor, para que yo estime tal deudo, quando v. m. por su persona no me diera"
C:\Users\nikk6\OneDrive\Desktop\OCR_2\data_generation_kraken\project\output3\7\line_037.png,"tantas, y tan grandes causas de estima: pero desta materia no es sujeto capaz una carta, y assi vengo"
C:\Users\nikk6\OneDrive\Desktop\OCR_2\data_generation_kraken\project\output3\7\line_038.png,"a la obra de v. m. la qual creo que emprendio v. m. con zelo grande de la utilidad, y honra de España,"
C:\Users\nikk6\OneDrive\Desktop\OCR_2\data_generation_kraken\project\output3\7\line_039.png,"aviendo v. m. embiado como Precursor della el ingeniosissimo libro de los Emblemas, que ha"
C:\Users\nikk6\OneDrive\Desktop\OCR_2\data_generation_kraken\project\output3\7\line_040.png,"dado bien a entender el ingenio, y erudicion de v. m. y esta obra de las Etymologias ha de dar no-"
C:\Users\nikk6\OneDrive\Desktop\OCR_2\data_generation_kraken\project\output3\7\line_041.png,"ticia a los estrangeros del lenguaje Español, y de su propiedad, y elegancia, que es muy gran honor"
C:\Users\nikk6\OneDrive\Desktop\OCR_2\data_generation_kraken\project\output3\7\line_042.png,"de la nacion Española: pero lo que es mas de estimar, y demas rara utilidad, es que dara v. m."
C:\Users\nikk6\OneDrive\Desktop\OCR_2\data_generation_kraken\project\output3\7\line_043.png,"con el noticia a los Españoles de su propio lenguage, porque es impossible que se tenga"
C:\Users\nikk6\OneDrive\Desktop\OCR_2\data_generation_kraken\project\output3\7\line_044.png,cumplida de ninguno sin el conocimiento de las Etymologias: y como la mayor parte del
C:\Users\nikk6\OneDrive\Desktop\OCR_2\data_generation_kraken\project\output3\8\line_001.png,"Conocimiento de las cosas depende del de los vocablos, el que ayuda a esta, ayuda mucho a todas"
C:\Users\nikk6\OneDrive\Desktop\OCR_2\data_generation_kraken\project\output3\8\line_002.png,"las ciencias: y assi los grandes Filosofos antiguos trabajaron mucho en esta parte, como fue Platon"
C:\Users\nikk6\OneDrive\Desktop\OCR_2\data_generation_kraken\project\output3\8\line_003.png,"en su Dialogo Cratilo, que oy en dia leemos, a cuya imitacion los Latinos trataron esta facultad,"
C:\Users\nikk6\OneDrive\Desktop\OCR_2\data_generation_kraken\project\output3\8\line_004.png,"aunque con mayores ayudas que los Griegos, por tener mas conocidos los manantiales de su lengua-"
C:\Users\nikk6\OneDrive\Desktop\OCR_2\data_generation_kraken\project\output3\8\line_005.png,"ge, el qual casi todo es Griego, aunque Marco Vatron en los libros qu eescrivio en lengua Latina"
C:\Users\nikk6\OneDrive\Desktop\OCR_2\data_generation_kraken\project\output3\8\line_006.png,"a Ciceron, quiso huir el cuerpo desto, pretendiendo hazer creer que la lengua Latina tenia voca-"
C:\Users\nikk6\OneDrive\Desktop\OCR_2\data_generation_kraken\project\output3\8\line_007.png,"blos propios, no tomados de otra, y esto pretendiendo autorizar su lenguaje, siendo cosa cierta, que"
C:\Users\nikk6\OneDrive\Desktop\OCR_2\data_generation_kraken\project\output3\8\line_008.png,"el lo sabia mejor que otro ninguno, pues era el mas docto hombre de todos los mortales que no te-"
C:\Users\nikk6\OneDrive\Desktop\OCR_2\data_generation_kraken\project\output3\8\line_009.png,"nia la lengua Latina vocablo ninguno propio suyo: y echasele de ver que quiso engañar, pues en al-"
C:\Users\nikk6\OneDrive\Desktop\OCR_2\data_generation_kraken\project\output3\8\line_010.png,"gunas Etymologias que quiso deduzir de los vocablos que el fingio ser originariamente Latinos, no"
C:\Users\nikk6\OneDrive\Desktop\OCR_2\data_generation_kraken\project\output3\8\line_011.png,"pudo encubrir el engaño, como quando dixo que Pater se deduzia del verbo Patrare, que no igno-"
C:\Users\nikk6\OneDrive\Desktop\OCR_2\data_generation_kraken\project\output3\8\line_012.png,"rava el que Pater es vocablo puramente Griego, del qual se derivava el verbo Patrare, y todos los"
C:\Users\nikk6\OneDrive\Desktop\OCR_2\data_generation_kraken\project\output3\8\line_013.png,demás que tienen esse origen. Y aunque en su tiempo no pudo engañar a los hombres que sabian tan-
C:\Users\nikk6\OneDrive\Desktop\OCR_2\data_generation_kraken\project\output3\8\line_014.png,"to del lenguaje Latino, engaño en los venideros a muchos: y assi el bienaventurado San Isidoro, que"
C:\Users\nikk6\OneDrive\Desktop\OCR_2\data_generation_kraken\project\output3\8\line_015.png,"en sus Etymologias mezclo muchos de los vocablos Latinos, dio ocasión a al irrisiori de los no tan"
C:\Users\nikk6\OneDrive\Desktop\OCR_2\data_generation_kraken\project\output3\8\line_016.png,"pios, y a que su grande autoridad se enflaqueciesse por esse camino, acerca de los Criticos rigurosos"
C:\Users\nikk6\OneDrive\Desktop\OCR_2\data_generation_kraken\project\output3\8\line_017.png,de nuestros tiempos dexo a parte las ridiculas Etymologias de los Gramaticos ignorantes de la len-
C:\Users\nikk6\OneDrive\Desktop\OCR_2\data_generation_kraken\project\output3\8\line_018.png,"gua Griega, que no sirven de otra cosa, sino de causar risa a los que la saben, como dezir que el voca-"
C:\Users\nikk6\OneDrive\Desktop\OCR_2\data_generation_kraken\project\output3\8\line_019.png,"blo Purus desciende de pus puris, y que por antiphrasi, q es otra gentil patraña suya, se dize purum,"
C:\Users\nikk6\OneDrive\Desktop\OCR_2\data_generation_kraken\project\output3\8\line_020.png,"quod caret pure, que no tiene podre, siendo manifiesto, que purus se dize del Griego piro, piros, que"
C:\Users\nikk6\OneDrive\Desktop\OCR_2\data_generation_kraken\project\output3\8\line_021.png,"es el fuego, cuerpo mas puro de quantos la taturaleza hizo; seria nunca acabar tratar esta materia."
C:\Users\nikk6\OneDrive\Desktop\OCR_2\data_generation_kraken\project\output3\8\line_022.png,Entendido han en la correccion destos errores los mayores hombres de nuestros tiempos: Nicolao
C:\Users\nikk6\OneDrive\Desktop\OCR_2\data_generation_kraken\project\output3\8\line_023.png,"Peroto en su Cornucopia abrio mucho el camino para esto, Julio Cesar, Scaligero en su libro de cau-"
C:\Users\nikk6\OneDrive\Desktop\OCR_2\data_generation_kraken\project\output3\8\line_024.png,"sis linguae Latina, y su hijo Josepho Scaligero, el Principe de los humanistas de nuestro tiempo, cor-"
C:\Users\nikk6\OneDrive\Desktop\OCR_2\data_generation_kraken\project\output3\8\line_025.png,rigio los engaños de Marco Varron en los Coniectaneos que hizo sobre su libro: y todos quantos
C:\Users\nikk6\OneDrive\Desktop\OCR_2\data_generation_kraken\project\output3\8\line_026.png,"han escrito libros Criticos en nuestros tiempos, han procurado adornarlos con verdaderas, y doctas"
C:\Users\nikk6\OneDrive\Desktop\OCR_2\data_generation_kraken\project\output3\8\line_027.png,"Etymologias: dexo a parte el libro que agora escrivio Ivan Fungero de Etymologyas, que este bien"
C:\Users\nikk6\OneDrive\Desktop\OCR_2\data_generation_kraken\project\output3\8\line_028.png,se que no contentara a v. m. pero con todo esso es de tan grande utilidad el conocimiento de las ety-
C:\Users\nikk6\OneDrive\Desktop\OCR_2\data_generation_kraken\project\output3\8\line_029.png,"mologias, que aun hasta las falsas se han de estimar, porque ocasionan a la Inquisicion, y investiga-"
C:\Users\nikk6\OneDrive\Desktop\OCR_2\data_generation_kraken\project\output3\8\line_030.png,"cion de las verdaderas, porque estas demas de que dan conocimiento de la verdadera grincacion"
C:\Users\nikk6\OneDrive\Desktop\OCR_2\data_generation_kraken\project\output3\8\line_031.png,"de los vocablos, desengañan de dos errores muy assentados en la ignorancia de los iergllages, pro-"
C:\Users\nikk6\OneDrive\Desktop\OCR_2\data_generation_kraken\project\output3\8\line_032.png,"bando evidentemente lo contrario dellos; y enseñando lo uno que no es possible, que en un mismo"
C:\Users\nikk6\OneDrive\Desktop\OCR_2\data_generation_kraken\project\output3\8\line_033.png,"lenguaje aya vocablo que signifique dos coiss igualmente y lo otro, que es impossible que aya dos"
C:\Users\nikk6\OneDrive\Desktop\OCR_2\data_generation_kraken\project\output3\8\line_034.png,"o mas vocablos que igualmente signifiquen una cosa. Lo primero es cosa evidente, porque en los vo-"
C:\Users\nikk6\OneDrive\Desktop\OCR_2\data_generation_kraken\project\output3\8\line_035.png,"cablos sucede lo mismo que en los instrumentos del servicio humano, en los que ies ay uso, que es el"
C:\Users\nikk6\OneDrive\Desktop\OCR_2\data_generation_kraken\project\output3\8\line_036.png,"fin para que se hizieron, y ay abuso; que es los fines a que los hombres por ienelirza los apocan;"
C:\Users\nikk6\OneDrive\Desktop\OCR_2\data_generation_kraken\project\output3\8\line_037.png,"como un cuchillo solo se hizo para cortar, pero clavandole en un madero, y colgando algo del, sir-"
C:\Users\nikk6\OneDrive\Desktop\OCR_2\data_generation_kraken\project\output3\8\line_038.png,"ve de clavo: no por uso propio, sino por abuso del que se sirve del, por la semejanza que tiene en la lar-"
C:\Users\nikk6\OneDrive\Desktop\OCR_2\data_generation_kraken\project\output3\8\line_039.png,"gueza, dureza, y agudeza. Ni mas, ni menos es en los vocablos aquella acepcion de la Etymologia"
C:\Users\nikk6\OneDrive\Desktop\OCR_2\data_generation_kraken\project\output3\8\line_040.png,"dellos es la verdadera, y assi a la Etymologia llamo Ciceron al pie de la letra en los Topicos verilo-"
C:\Users\nikk6\OneDrive\Desktop\OCR_2\data_generation_kraken\project\output3\8\line_041.png,"quium, el mejor vocablo que el en su vida traduxo al proposito; y no quisiera que se huviera arrepen-"
C:\Users\nikk6\OneDrive\Desktop\OCR_2\data_generation_kraken\project\output3\8\line_042.png,"tido; y parecidole mal, pues la acepcion del vocablo en su propia Etymologia es la verdadera signi-"
C:\Users\nikk6\OneDrive\Desktop\OCR_2\data_generation_kraken\project\output3\8\line_043.png,"ficacion del. Las demas no son propias, sino aplicadas por Tropos, y particularmente por las cinco"
C:\Users\nikk6\OneDrive\Desktop\OCR_2\data_generation_kraken\project\output3\8\line_044.png,"especies de la Metonymia, que son las que hazen todo este juego, del que llamamos abuso de los vo-"
C:\Users\nikk6\OneDrive\Desktop\OCR_2\data_generation_kraken\project\output3\8\line_045.png,"cablos, y la metafora que enriqueze todos los lenguages del mundo, y particularmente el nuestro,"
C:\Users\nikk6\OneDrive\Desktop\OCR_2\data_generation_kraken\project\output3\8\line_046.png,"cuya elegancia, y sutileza descubrira este libro de v. m.  porque no puede conocerse la metafora, o"
C:\Users\nikk6\OneDrive\Desktop\OCR_2\data_generation_kraken\project\output3\8\line_047.png,"traslacion, sin que se sepa por la Etymologia la propia significacion del vocablo. El segundo error"
C:\Users\nikk6\OneDrive\Desktop\OCR_2\data_generation_kraken\project\output3\8\line_048.png,"es creer que ay dos, o mas vocablos, que sifnifiquen una cosa misma, y este esta mas assentado que el"
C:\Users\nikk6\OneDrive\Desktop\OCR_2\data_generation_kraken\project\output3\8\line_049.png,"passado, y calificado con titulo de elegancia, aviendo muchos libros de los que falsamente llaman"
C:\Users\nikk6\OneDrive\Desktop\OCR_2\data_generation_kraken\project\output3\8\line_050.png,"Synonymos, poniendo todos los vocablos que dizen significar una cosa misma, siendo cierto, que ni"
C:\Users\nikk6\OneDrive\Desktop\OCR_2\data_generation_kraken\project\output3\8\line_051.png,"estos son Synonymos, aunque signifiquen una cosa misma, ni la pueden significar propiamente, como"
C:\Users\nikk6\OneDrive\Desktop\OCR_2\data_generation_kraken\project\output3\8\line_052.png,"en los instrumentos que deziamos de los hombres, no puede aver dos diferentes, que hagan el mismo"
C:\Users\nikk6\OneDrive\Desktop\OCR_2\data_generation_kraken\project\output3\8\line_053.png,"oficio de la mesma manera: como el cuchillo; y las tixeras, se hizieron ambos para cortar, pero no"
C:\Users\nikk6\OneDrive\Desktop\OCR_2\data_generation_kraken\project\output3\8\line_054.png,"cortan de una misma manera, ni en todas las cosas el uso del uno se puede sacar del otro: y assi es en"
C:\Users\nikk6\OneDrive\Desktop\OCR_2\data_generation_kraken\project\output3\8\line_055.png,"los vocablos, como dezimos en Latin conteauno, y despicio por despreciar, pero mirando la propia"
C:\Users\nikk6\OneDrive\Desktop\OCR_2\data_generation_kraken\project\output3\8\line_056.png,"significacion de cada uno por la Etymologia, vemos que son muy diferentes, y por el mismo caso"
C:\Users\nikk6\OneDrive\Desktop\OCR_2\data_generation_kraken\project\output3\8\line_057.png,"que los Autores Antiguos los juntan, aviamos de entender que son muy diferentes en la significa-"
C:\Users\nikk6\OneDrive\Desktop\OCR_2\data_generation_kraken\project\output3\8\line_058.png,"cion, pues a no serlo, fuera una intolerable Batologia. Estas son las grandes utilidades del conoci-"
C:\Users\nikk6\OneDrive\Desktop\OCR_2\data_generation_kraken\project\output3\8\line_059.png,"miento de las Etymologias, demas de ser a mi parecer el mayor gusto de los buenos ingenios, como"
C:\Users\nikk6\OneDrive\Desktop\OCR_2\data_generation_kraken\project\output3\8\line_060.png,"de conocer las cosas por sus causas, entender los vocablos por las suyas, con el qual estudio se adquie"
C:\Users\nikk6\OneDrive\Desktop\OCR_2\data_generation_kraken\project\output3\9\line_001.png,POR quanto por parte de
C:\Users\nikk6\OneDrive\Desktop\OCR_2\data_generation_kraken\project\output3\9\line_002.png,vos fray Ivan Benito Guar
C:\Users\nikk6\OneDrive\Desktop\OCR_2\data_generation_kraken\project\output3\9\line_003.png,diola monje professo de
C:\Users\nikk6\OneDrive\Desktop\OCR_2\data_generation_kraken\project\output3\9\line_004.png,"la orden de S. Benito, nos"
C:\Users\nikk6\OneDrive\Desktop\OCR_2\data_generation_kraken\project\output3\9\line_005.png,fue fecha relacion q vos
C:\Users\nikk6\OneDrive\Desktop\OCR_2\data_generation_kraken\project\output3\9\line_006.png,aviais compuesto un libro
C:\Users\nikk6\OneDrive\Desktop\OCR_2\data_generation_kraken\project\output3\9\line_007.png,intitulado Tratado de
C:\Users\nikk6\OneDrive\Desktop\OCR_2\data_generation_kraken\project\output3\9\line_008.png,nobleza y de los titulos y dictados que oy
C:\Users\nikk6\OneDrive\Desktop\OCR_2\data_generation_kraken\project\output3\9\line_009.png,dia tienen los varones claros y grandes de
C:\Users\nikk6\OneDrive\Desktop\OCR_2\data_generation_kraken\project\output3\9\line_010.png,"España, el qual era muy util y provechoso,"
C:\Users\nikk6\OneDrive\Desktop\OCR_2\data_generation_kraken\project\output3\9\line_011.png,"y para lo hazer aviais trabajado mucho, a-"
C:\Users\nikk6\OneDrive\Desktop\OCR_2\data_generation_kraken\project\output3\9\line_012.png,tento lo qual nos suplicastes lo mandassemos
C:\Users\nikk6\OneDrive\Desktop\OCR_2\data_generation_kraken\project\output3\9\line_013.png,ver y daros licencia y privilegio para le im
C:\Users\nikk6\OneDrive\Desktop\OCR_2\data_generation_kraken\project\output3\9\line_014.png,"primir por el tiempo q fuessemos servido, o"
C:\Users\nikk6\OneDrive\Desktop\OCR_2\data_generation_kraken\project\output3\9\line_015.png,como la nuestra merced fuesse: lo qual vis-
C:\Users\nikk6\OneDrive\Desktop\OCR_2\data_generation_kraken\project\output3\9\line_016.png,"to por los del nro consejo, y como por su"
C:\Users\nikk6\OneDrive\Desktop\OCR_2\data_generation_kraken\project\output3\9\line_017.png,mandado se hizieron las diligencias de la
C:\Users\nikk6\OneDrive\Desktop\OCR_2\data_generation_kraken\project\output3\9\line_018.png,pragmatica por nos hecha sobre la impres
C:\Users\nikk6\OneDrive\Desktop\OCR_2\data_generation_kraken\project\output3\9\line_019.png,"sion de los libros dispone, fue acordado que"
C:\Users\nikk6\OneDrive\Desktop\OCR_2\data_generation_kraken\project\output3\9\line_020.png,deviamos de mandar dar esta nuestra cedula
C:\Users\nikk6\OneDrive\Desktop\OCR_2\data_generation_kraken\project\output3\9\line_021.png,"para vos en la dicha razon, y nos tuvimoslo"
C:\Users\nikk6\OneDrive\Desktop\OCR_2\data_generation_kraken\project\output3\9\line_022.png,por bien: y por la presente por os hazer bien
C:\Users\nikk6\OneDrive\Desktop\OCR_2\data_generation_kraken\project\output3\9\line_023.png,y merced vos damos licencia y facultad pa
C:\Users\nikk6\OneDrive\Desktop\OCR_2\data_generation_kraken\project\output3\9\line_024.png,ra q por tiempo de diez años primeros si-
C:\Users\nikk6\OneDrive\Desktop\OCR_2\data_generation_kraken\project\output3\9\line_025.png,guientes que corren y se cuentan desde el
C:\Users\nikk6\OneDrive\Desktop\OCR_2\data_generation_kraken\project\output3\10\line_001.png,dia de la fecha desta nuestra cedula podais
C:\Users\nikk6\OneDrive\Desktop\OCR_2\data_generation_kraken\project\output3\10\line_002.png,imprimir el dicho libro que de suso se ha-
C:\Users\nikk6\OneDrive\Desktop\OCR_2\data_generation_kraken\project\output3\10\line_003.png,ze mencion por el original que en el nuestro
C:\Users\nikk6\OneDrive\Desktop\OCR_2\data_generation_kraken\project\output3\10\line_004.png,Consejo se vio que va rubricado y firmado
C:\Users\nikk6\OneDrive\Desktop\OCR_2\data_generation_kraken\project\output3\10\line_005.png,al fin de Pedro del Marmol nuestro escri-
C:\Users\nikk6\OneDrive\Desktop\OCR_2\data_generation_kraken\project\output3\10\line_006.png,vano de camara de los que residen en el
C:\Users\nikk6\OneDrive\Desktop\OCR_2\data_generation_kraken\project\output3\10\line_007.png,"nuestro Consejo, con que antes que se ven-"
C:\Users\nikk6\OneDrive\Desktop\OCR_2\data_generation_kraken\project\output3\10\line_008.png,da le traygays ante ellos jusntamente con
C:\Users\nikk6\OneDrive\Desktop\OCR_2\data_generation_kraken\project\output3\10\line_009.png,el dicho original para q se vea si la dicha
C:\Users\nikk6\OneDrive\Desktop\OCR_2\data_generation_kraken\project\output3\10\line_010.png,"impression esta conforme a el, y traygays"
C:\Users\nikk6\OneDrive\Desktop\OCR_2\data_generation_kraken\project\output3\10\line_011.png,fee en publica forma como por corrector
C:\Users\nikk6\OneDrive\Desktop\OCR_2\data_generation_kraken\project\output3\10\line_012.png,nombrado por nuestro mandado se vio y
C:\Users\nikk6\OneDrive\Desktop\OCR_2\data_generation_kraken\project\output3\10\line_013.png,corrigio la dicha impression por el origi-
C:\Users\nikk6\OneDrive\Desktop\OCR_2\data_generation_kraken\project\output3\10\line_015.png,nal: y mandamos al impressor que ansi im-
C:\Users\nikk6\OneDrive\Desktop\OCR_2\data_generation_kraken\project\output3\10\line_016.png,primiere el dicho libro no imprima el prin
C:\Users\nikk6\OneDrive\Desktop\OCR_2\data_generation_kraken\project\output3\10\line_017.png,"cipio ni el primero pliego del, ni entregue"
C:\Users\nikk6\OneDrive\Desktop\OCR_2\data_generation_kraken\project\output3\10\line_018.png,mas de un sol olibro con el original al au-
C:\Users\nikk6\OneDrive\Desktop\OCR_2\data_generation_kraken\project\output3\10\line_019.png,"tor, o persona a cuya costa le imprimie-"
C:\Users\nikk6\OneDrive\Desktop\OCR_2\data_generation_kraken\project\output3\10\line_020.png,"re, ni a otra alguna para efecto de la di-"
C:\Users\nikk6\OneDrive\Desktop\OCR_2\data_generation_kraken\project\output3\10\line_021.png,cha correccion y tassa cierta que antes
C:\Users\nikk6\OneDrive\Desktop\OCR_2\data_generation_kraken\project\output3\10\line_022.png,y primero el dicho libro este corregido y
C:\Users\nikk6\OneDrive\Desktop\OCR_2\data_generation_kraken\project\output3\10\line_023.png,"tassado por los del nuestro Consejo, y es-"
C:\Users\nikk6\OneDrive\Desktop\OCR_2\data_generation_kraken\project\output3\10\line_024.png,tando fecho y no de otra manera pueda
C:\Users\nikk6\OneDrive\Desktop\OCR_2\data_generation_kraken\project\output3\10\line_025.png,imprimir el dicho principio y primer plie
C:\Users\nikk6\OneDrive\Desktop\OCR_2\data_generation_kraken\project\output3\10\line_027.png,"go, en el qual seguidamente ponga esta"
C:\Users\nikk6\OneDrive\Desktop\OCR_2\data_generation_kraken\project\output3\10\line_028.png,"nuestra cedula, licencia y privilegio, y la"
C:\Users\nikk6\OneDrive\Desktop\OCR_2\data_generation_kraken\project\output3\10\line_029.png,"aprovacion, tassa y erratas, so pena de"
C:\Users\nikk6\OneDrive\Desktop\OCR_2\data_generation_kraken\project\output3\11\line_001.png,caer e incurrir en las penas contenidas en
C:\Users\nikk6\OneDrive\Desktop\OCR_2\data_generation_kraken\project\output3\11\line_002.png,la dicha pragmatica e leyes de nuestros
C:\Users\nikk6\OneDrive\Desktop\OCR_2\data_generation_kraken\project\output3\11\line_003.png,Reynos. Y mandamos que durante el di-
C:\Users\nikk6\OneDrive\Desktop\OCR_2\data_generation_kraken\project\output3\11\line_004.png,cho tiempo persona alguna sin vuestra li-
C:\Users\nikk6\OneDrive\Desktop\OCR_2\data_generation_kraken\project\output3\11\line_005.png,cencia no lo pueda imprimir ni vender so
C:\Users\nikk6\OneDrive\Desktop\OCR_2\data_generation_kraken\project\output3\11\line_006.png,pena que el que lo imprimiere aya perdido
C:\Users\nikk6\OneDrive\Desktop\OCR_2\data_generation_kraken\project\output3\11\line_007.png,"y pierda todos y qualesquier libros, mol-"
C:\Users\nikk6\OneDrive\Desktop\OCR_2\data_generation_kraken\project\output3\11\line_008.png,des y aparejos que de los dichos libros tu
C:\Users\nikk6\OneDrive\Desktop\OCR_2\data_generation_kraken\project\output3\11\line_010.png,"viere, y mas incurra en pena de cinquenta"
C:\Users\nikk6\OneDrive\Desktop\OCR_2\data_generation_kraken\project\output3\11\line_011.png,mil maravedis por cada vez aue lo contra-
C:\Users\nikk6\OneDrive\Desktop\OCR_2\data_generation_kraken\project\output3\11\line_012.png,"rio hiziere, la qual dicha pena sea la tercia"
C:\Users\nikk6\OneDrive\Desktop\OCR_2\data_generation_kraken\project\output3\11\line_013.png,"parte para el juez que lo sentenciare, y la"
C:\Users\nikk6\OneDrive\Desktop\OCR_2\data_generation_kraken\project\output3\11\line_015.png,otra tercia parte para la persona que lo
C:\Users\nikk6\OneDrive\Desktop\OCR_2\data_generation_kraken\project\output3\11\line_016.png,"denunciare, y la otra tercia parte para la"
C:\Users\nikk6\OneDrive\Desktop\OCR_2\data_generation_kraken\project\output3\11\line_017.png,nuestra camara. Y mandamos a los del nue
C:\Users\nikk6\OneDrive\Desktop\OCR_2\data_generation_kraken\project\output3\11\line_018.png,stro Consejo Presidentes y Oydores de las
C:\Users\nikk6\OneDrive\Desktop\OCR_2\data_generation_kraken\project\output3\11\line_019.png,"nras Audiencias Alcaldes, alguaziles de la"
C:\Users\nikk6\OneDrive\Desktop\OCR_2\data_generation_kraken\project\output3\11\line_020.png,"nuestra casa, Corte chancillerias, y a todos"
C:\Users\nikk6\OneDrive\Desktop\OCR_2\data_generation_kraken\project\output3\11\line_021.png,"los Corregidores, Assistente, Governado-"
C:\Users\nikk6\OneDrive\Desktop\OCR_2\data_generation_kraken\project\output3\11\line_022.png,"res, Alcaldes mayores y ordinarios, y otros"
C:\Users\nikk6\OneDrive\Desktop\OCR_2\data_generation_kraken\project\output3\11\line_023.png,juezes y justicias qualesquier de todas las
C:\Users\nikk6\OneDrive\Desktop\OCR_2\data_generation_kraken\project\output3\11\line_024.png,"ciudades, villas y lugares de los nros Rey-"
C:\Users\nikk6\OneDrive\Desktop\OCR_2\data_generation_kraken\project\output3\11\line_026.png,"nos y Señorios, ansi a los q agora son, co-"
C:\Users\nikk6\OneDrive\Desktop\OCR_2\data_generation_kraken\project\output3\11\line_027.png,mo a los que seran de aquí adelante q vos
C:\Users\nikk6\OneDrive\Desktop\OCR_2\data_generation_kraken\project\output3\11\line_028.png,guarden y cumplan esta nuestra cedula
C:\Users\nikk6\OneDrive\Desktop\OCR_2\data_generation_kraken\project\output3\11\line_030.png,"y merced que ansi vos hazemos, y contra"
C:\Users\nikk6\OneDrive\Desktop\OCR_2\data_generation_kraken\project\output3\11\line_031.png,"el tenor y forma della, y de lo en ella conte"
C:\Users\nikk6\OneDrive\Desktop\OCR_2\data_generation_kraken\project\output3\12\line_001.png,Pretende Antonio Gomez Pi
C:\Users\nikk6\OneDrive\Desktop\OCR_2\data_generation_kraken\project\output3\12\line_002.png,"mentel se reuoque el auto de la Sala de los señores Alcaldes, en que man-"
C:\Users\nikk6\OneDrive\Desktop\OCR_2\data_generation_kraken\project\output3\12\line_003.png,"daron, que el mandamiento despacha do contra Iacinto Gomez Pimentel,"
C:\Users\nikk6\OneDrive\Desktop\OCR_2\data_generation_kraken\project\output3\12\line_004.png,por ochocientos ducados para la dicha doña Leo-
C:\Users\nikk6\OneDrive\Desktop\OCR_2\data_generation_kraken\project\output3\12\line_005.png,"nor Rauasco, y por setenta mil marauedis para la"
C:\Users\nikk6\OneDrive\Desktop\OCR_2\data_generation_kraken\project\output3\12\line_006.png,"Camara, se entienda contra Antonio Gomez Pi-"
C:\Users\nikk6\OneDrive\Desktop\OCR_2\data_generation_kraken\project\output3\12\line_007.png,mentel su padre; y se cobren de él las dichas canti
C:\Users\nikk6\OneDrive\Desktop\OCR_2\data_generation_kraken\project\output3\12\line_008.png,dades. 2 Consiste el fundamento principal de la jus-
C:\Users\nikk6\OneDrive\Desktop\OCR_2\data_generation_kraken\project\output3\13\line_001.png,"ticia de esta parte en ajuitar con certeza, y claridad"
C:\Users\nikk6\OneDrive\Desktop\OCR_2\data_generation_kraken\project\output3\13\line_002.png,"el hecho verdadero de este negocio, que consiste"
C:\Users\nikk6\OneDrive\Desktop\OCR_2\data_generation_kraken\project\output3\13\line_003.png,en que Iacinto Gomez Pimentel fue preso el mes
C:\Users\nikk6\OneDrive\Desktop\OCR_2\data_generation_kraken\project\output3\13\line_004.png,"de Agosto del año passado de 1643. por querella,"
C:\Users\nikk6\OneDrive\Desktop\OCR_2\data_generation_kraken\project\output3\13\line_005.png,"que de él dio doña Leonor Rauasco, por dezirla"
C:\Users\nikk6\OneDrive\Desktop\OCR_2\data_generation_kraken\project\output3\13\line_006.png,"auia estrupado, y queriendole prender vnos Algua"
C:\Users\nikk6\OneDrive\Desktop\OCR_2\data_generation_kraken\project\output3\13\line_007.png,"ziles de esta Corte, les hizo resistencia, y sobe ello"
C:\Users\nikk6\OneDrive\Desktop\OCR_2\data_generation_kraken\project\output3\13\line_008.png,"se le hizo nueua causa, y por ello fue condenado"
C:\Users\nikk6\OneDrive\Desktop\OCR_2\data_generation_kraken\project\output3\13\line_009.png,"en seis años de galeras, y lleuado a la caxa de Tole"
C:\Users\nikk6\OneDrive\Desktop\OCR_2\data_generation_kraken\project\output3\13\line_010.png,"do, y por sentencia de reuista se le conmutó la di-"
C:\Users\nikk6\OneDrive\Desktop\OCR_2\data_generation_kraken\project\output3\13\line_011.png,"cha pena de galeras, en quatro años del presidio de"
C:\Users\nikk6\OneDrive\Desktop\OCR_2\data_generation_kraken\project\output3\13\line_012.png,Oran.
C:\Users\nikk6\OneDrive\Desktop\OCR_2\data_generation_kraken\project\output3\13\line_013.png,3	Estando condenado Iacinto Gomez en la
C:\Users\nikk6\OneDrive\Desktop\OCR_2\data_generation_kraken\project\output3\13\line_014.png,"pena referida, siguió doña Leonor Rauasco su que"
C:\Users\nikk6\OneDrive\Desktop\OCR_2\data_generation_kraken\project\output3\13\line_015.png,"rella de estrupo, contra Iacinto Gomez Pimentel, y"
C:\Users\nikk6\OneDrive\Desktop\OCR_2\data_generation_kraken\project\output3\13\line_016.png,"conclusa la causa por sentencia de vista, que se dio"
C:\Users\nikk6\OneDrive\Desktop\OCR_2\data_generation_kraken\project\output3\13\line_017.png,en ocho de Febrero de 1645. fue condenado en
C:\Users\nikk6\OneDrive\Desktop\OCR_2\data_generation_kraken\project\output3\13\line_018.png,"quatro años mas del presidio de Oran, y en mil du"
C:\Users\nikk6\OneDrive\Desktop\OCR_2\data_generation_kraken\project\output3\13\line_019.png,"cados para la parte querellante, y en cien mil mara"
C:\Users\nikk6\OneDrive\Desktop\OCR_2\data_generation_kraken\project\output3\13\line_020.png,"uedis para la Camara, de que suplicó, y por senten-"
C:\Users\nikk6\OneDrive\Desktop\OCR_2\data_generation_kraken\project\output3\13\line_021.png,"cia de reuista, que se dio en diez de Mayo del di-"
C:\Users\nikk6\OneDrive\Desktop\OCR_2\data_generation_kraken\project\output3\13\line_022.png,cho año de 1645. se confirmó la sentencia de vis-
C:\Users\nikk6\OneDrive\Desktop\OCR_2\data_generation_kraken\project\output3\13\line_023.png,"ta, con que los mil ducados fuessen ochocientos,"
C:\Users\nikk6\OneDrive\Desktop\OCR_2\data_generation_kraken\project\output3\13\line_024.png,"y los cien mil marauedis, setenta mil, y los quatro"
C:\Users\nikk6\OneDrive\Desktop\OCR_2\data_generation_kraken\project\output3\13\line_025.png,"años de presidio, dos."
C:\Users\nikk6\OneDrive\Desktop\OCR_2\data_generation_kraken\project\output3\13\line_026.png,"4	En execución desta executoria, se despachó"
C:\Users\nikk6\OneDrive\Desktop\OCR_2\data_generation_kraken\project\output3\13\line_027.png,"mandamiento para cobrar las penas pecuniarias, y"
C:\Users\nikk6\OneDrive\Desktop\OCR_2\data_generation_kraken\project\output3\13\line_028.png,"se requirió con el á Antonio Gomez Pimentel, pa"
C:\Users\nikk6\OneDrive\Desktop\OCR_2\data_generation_kraken\project\output3\13\line_029.png,"dre de Iacinto Gomez, para que diesse bienes de su"
C:\Users\nikk6\OneDrive\Desktop\OCR_2\data_generation_kraken\project\output3\13\line_030.png,"hijo, el qual respondio, quela tenia entregada, y pa"
C:\Users\nikk6\OneDrive\Desktop\OCR_2\data_generation_kraken\project\output3\13\line_031.png,"gada toda su legitima materna, y que no tenia bie"
C:\Users\nikk6\OneDrive\Desktop\OCR_2\data_generation_kraken\project\output3\13\line_032.png,nes suyos.
C:\Users\nikk6\OneDrive\Desktop\OCR_2\data_generation_kraken\project\output3\13\line_033.png,"5	Doña Leonor Rauasco pidio se mandasse,"
C:\Users\nikk6\OneDrive\Desktop\OCR_2\data_generation_kraken\project\output3\13\line_034.png,"que el mandamiento despachado, se entendiesse"
C:\Users\nikk6\OneDrive\Desktop\OCR_2\data_generation_kraken\project\output3\13\line_035.png,"con Antonio Gomez Pimentel, por tener en su po-"
C:\Users\nikk6\OneDrive\Desktop\OCR_2\data_generation_kraken\project\output3\14\line_002.png,"der seis mil ducados, que auian tocado a su hijo Ia-"
C:\Users\nikk6\OneDrive\Desktop\OCR_2\data_generation_kraken\project\output3\14\line_003.png,cinto Gomez por su legitima materna: y para que
C:\Users\nikk6\OneDrive\Desktop\OCR_2\data_generation_kraken\project\output3\14\line_004.png,"dello constasse pidio compulsorio, para que Anto"
C:\Users\nikk6\OneDrive\Desktop\OCR_2\data_generation_kraken\project\output3\14\line_005.png,"nio Cadenas Escriuano de Prouincia, le diesse vn"
C:\Users\nikk6\OneDrive\Desktop\OCR_2\data_generation_kraken\project\output3\14\line_006.png,"testimonio de la particion, que se auia hecho de"
C:\Users\nikk6\OneDrive\Desktop\OCR_2\data_generation_kraken\project\output3\14\line_007.png,"los bienes de doña Beatriz de Silua, entre Atonio"
C:\Users\nikk6\OneDrive\Desktop\OCR_2\data_generation_kraken\project\output3\14\line_008.png,"Gomez Pimentel, y sus hijos."
C:\Users\nikk6\OneDrive\Desktop\OCR_2\data_generation_kraken\project\output3\14\line_009.png,6	Por testimonio de Antonio Cadenas Escri-
C:\Users\nikk6\OneDrive\Desktop\OCR_2\data_generation_kraken\project\output3\14\line_010.png,"uano de Prouincia consta, que ante el como tal Es-"
C:\Users\nikk6\OneDrive\Desktop\OCR_2\data_generation_kraken\project\output3\14\line_011.png,"criuano, se presentó la dicha cuenta, y particion,"
C:\Users\nikk6\OneDrive\Desktop\OCR_2\data_generation_kraken\project\output3\14\line_012.png,"y que se pidio su aprouacion, y que se auia dado"
C:\Users\nikk6\OneDrive\Desktop\OCR_2\data_generation_kraken\project\output3\14\line_013.png,"traslado dellas a las partes, y que Antonio Gomez"
C:\Users\nikk6\OneDrive\Desktop\OCR_2\data_generation_kraken\project\output3\14\line_014.png,"auia dicho de agrauios contra ellas, pretendiendo"
C:\Users\nikk6\OneDrive\Desktop\OCR_2\data_generation_kraken\project\output3\14\line_015.png,"se le auian de hazer buenos, y pagar seis mil duca-"
C:\Users\nikk6\OneDrive\Desktop\OCR_2\data_generation_kraken\project\output3\14\line_016.png,"dos por el capital, que auia lleuado al matrimonio"
C:\Users\nikk6\OneDrive\Desktop\OCR_2\data_generation_kraken\project\output3\14\line_017.png,"con doña Beatriz de Silua, y trecientos ducados que"
C:\Users\nikk6\OneDrive\Desktop\OCR_2\data_generation_kraken\project\output3\14\line_018.png,auia gastado en su funeral.
C:\Users\nikk6\OneDrive\Desktop\OCR_2\data_generation_kraken\project\output3\14\line_019.png,"7	Tambien consta por dicho testimonio, que"
C:\Users\nikk6\OneDrive\Desktop\OCR_2\data_generation_kraken\project\output3\14\line_020.png,Iacinto Gomez Pimentel huuo de auer por su le-
C:\Users\nikk6\OneDrive\Desktop\OCR_2\data_generation_kraken\project\output3\14\line_021.png,"gitima materna 51?681. reales, y que se le adju-"
C:\Users\nikk6\OneDrive\Desktop\OCR_2\data_generation_kraken\project\output3\14\line_022.png,"dicaron, y pagaron en diferentes deuitos que se que-"
C:\Users\nikk6\OneDrive\Desktop\OCR_2\data_generation_kraken\project\output3\14\line_023.png,"daron deuiendo, quando murio doña Beatriz"
C:\Users\nikk6\OneDrive\Desktop\OCR_2\data_generation_kraken\project\output3\14\line_024.png,"de Silua, y en otros efectos, que se auian de co-"
C:\Users\nikk6\OneDrive\Desktop\OCR_2\data_generation_kraken\project\output3\14\line_025.png,brar.
C:\Users\nikk6\OneDrive\Desktop\OCR_2\data_generation_kraken\project\output3\14\line_026.png,"8	Al fin de este testimonio, dize, que los Con-"
C:\Users\nikk6\OneDrive\Desktop\OCR_2\data_generation_kraken\project\output3\14\line_027.png,tadores hizieron la dicha particion con declara-
C:\Users\nikk6\OneDrive\Desktop\OCR_2\data_generation_kraken\project\output3\14\line_028.png,"cion, que si Antionio Gomez Pimentel se quisiesse"
C:\Users\nikk6\OneDrive\Desktop\OCR_2\data_generation_kraken\project\output3\14\line_029.png,"encargar de la cobranza de los 115?840. reales, que"
C:\Users\nikk6\OneDrive\Desktop\OCR_2\data_generation_kraken\project\output3\14\line_030.png,"montan las deudas que van partidas, entre los he"
C:\Users\nikk6\OneDrive\Desktop\OCR_2\data_generation_kraken\project\output3\14\line_031.png,"rederos contenidas en la relacion jurada, que dio,"
C:\Users\nikk6\OneDrive\Desktop\OCR_2\data_generation_kraken\project\output3\14\line_032.png,"se le ha de satisfacer por los tres herederos, cada v-"
C:\Users\nikk6\OneDrive\Desktop\OCR_2\data_generation_kraken\project\output3\14\line_033.png,no la tercia parte de lo que en la cobranza se gasta-
C:\Users\nikk6\OneDrive\Desktop\OCR_2\data_generation_kraken\project\output3\14\line_034.png,re. 9	Tambien declaran que ay 38?298. rea-
C:\Users\nikk6\OneDrive\Desktop\OCR_2\data_generation_kraken\project\output3\14\line_035.png,"les de deudas perdidas, y que si en algun tiempo se"
C:\Users\nikk6\OneDrive\Desktop\OCR_2\data_generation_kraken\project\output3\16\line_002.png,14	Otra carta de pago otorgada ante el dicho
C:\Users\nikk6\OneDrive\Desktop\OCR_2\data_generation_kraken\project\output3\16\line_003.png,"Escriuano, en 19. de Enero de 1640. por Iacinto"
C:\Users\nikk6\OneDrive\Desktop\OCR_2\data_generation_kraken\project\output3\16\line_004.png,"Gomez, en que confiessa auer recibido de su padre 9?"
C:\Users\nikk6\OneDrive\Desktop\OCR_2\data_generation_kraken\project\output3\16\line_005.png,"333. reales, que le tocan, como a vno de tres here-"
C:\Users\nikk6\OneDrive\Desktop\OCR_2\data_generation_kraken\project\output3\16\line_006.png,deros de doña Beatriz de Silua su madre de su par-
C:\Users\nikk6\OneDrive\Desktop\OCR_2\data_generation_kraken\project\output3\16\line_007.png,"te, de la dote que lleuó al matrimonio. Y ratifica"
C:\Users\nikk6\OneDrive\Desktop\OCR_2\data_generation_kraken\project\output3\16\line_008.png,"las dos cartas de pago, que antes desta tenia otor-"
C:\Users\nikk6\OneDrive\Desktop\OCR_2\data_generation_kraken\project\output3\16\line_009.png,"gadas, y dize, aquellas son por cuenta de las demas"
C:\Users\nikk6\OneDrive\Desktop\OCR_2\data_generation_kraken\project\output3\16\line_010.png,"pretensiones que tiene; y declara, que con estas can-"
C:\Users\nikk6\OneDrive\Desktop\OCR_2\data_generation_kraken\project\output3\16\line_011.png,"tidades, se da por pagado de la dote, y bienes ganan-"
C:\Users\nikk6\OneDrive\Desktop\OCR_2\data_generation_kraken\project\output3\16\line_012.png,"ciales, y demas pretenciones que pueda tener, por"
C:\Users\nikk6\OneDrive\Desktop\OCR_2\data_generation_kraken\project\output3\16\line_013.png,quanto importa mas que ellas la hazienda que ha
C:\Users\nikk6\OneDrive\Desktop\OCR_2\data_generation_kraken\project\output3\16\line_014.png,"gastado a su padre, y por ser menor de veinte y cin"
C:\Users\nikk6\OneDrive\Desktop\OCR_2\data_generation_kraken\project\output3\16\line_015.png,"co años jura la relacion de esta escritura, y estar, y"
C:\Users\nikk6\OneDrive\Desktop\OCR_2\data_generation_kraken\project\output3\16\line_016.png,passar por ella.
C:\Users\nikk6\OneDrive\Desktop\OCR_2\data_generation_kraken\project\output3\16\line_018.png,15	Otra escritura otorgada en 18. de Octu-
C:\Users\nikk6\OneDrive\Desktop\OCR_2\data_generation_kraken\project\output3\16\line_019.png,"bre de 1644. en esta Villa, ante Iuan Bautista San-"
C:\Users\nikk6\OneDrive\Desktop\OCR_2\data_generation_kraken\project\output3\16\line_020.png,"chez Brauo Escriuano, por Iacinto Gomez Pimen"
C:\Users\nikk6\OneDrive\Desktop\OCR_2\data_generation_kraken\project\output3\16\line_021.png,"tel, en que declara, que es mayor de 25. años, y que"
C:\Users\nikk6\OneDrive\Desktop\OCR_2\data_generation_kraken\project\output3\16\line_022.png,siendo menor otorgó en fauor de su padre dos car
C:\Users\nikk6\OneDrive\Desktop\OCR_2\data_generation_kraken\project\output3\16\line_023.png,"tas de pago, que montan 32?646 reales, por cuen"
C:\Users\nikk6\OneDrive\Desktop\OCR_2\data_generation_kraken\project\output3\16\line_024.png,"ta de la parte que le toca de bienes gananciales, y"
C:\Users\nikk6\OneDrive\Desktop\OCR_2\data_generation_kraken\project\output3\16\line_025.png,"arras de su madre, á mayor abundamiento las aprue-"
C:\Users\nikk6\OneDrive\Desktop\OCR_2\data_generation_kraken\project\output3\16\line_026.png,"ua, y ratifica. Y ansimismo declara, que tiene otor"
C:\Users\nikk6\OneDrive\Desktop\OCR_2\data_generation_kraken\project\output3\16\line_027.png,"gada otra carta de pago de 9?333. reales, por la"
C:\Users\nikk6\OneDrive\Desktop\OCR_2\data_generation_kraken\project\output3\16\line_028.png,"parte que le toca de la dote de su madre, y tambien"
C:\Users\nikk6\OneDrive\Desktop\OCR_2\data_generation_kraken\project\output3\16\line_029.png,"la ratifica: y dize, que de los diez y seis mil setecien"
C:\Users\nikk6\OneDrive\Desktop\OCR_2\data_generation_kraken\project\output3\16\line_030.png,tos setenta y dos reales que montó la tienda que
C:\Users\nikk6\OneDrive\Desktop\OCR_2\data_generation_kraken\project\output3\16\line_031.png,"le entregó su padre, le ha perdonado los 8?672."
C:\Users\nikk6\OneDrive\Desktop\OCR_2\data_generation_kraken\project\output3\16\line_032.png,"teales el dicho su padre, y que assi declara tiene re"
C:\Users\nikk6\OneDrive\Desktop\OCR_2\data_generation_kraken\project\output3\16\line_033.png,cibido por cuenta de su legitima 8?000. reales por
C:\Users\nikk6\OneDrive\Desktop\OCR_2\data_generation_kraken\project\output3\16\line_034.png,el valor de la dicha tienda. Y nueuamente confies-
C:\Users\nikk6\OneDrive\Desktop\OCR_2\data_generation_kraken\project\output3\16\line_035.png,"sa auer recibido del dicho su padre, otros 75?00."
C:\Users\nikk6\OneDrive\Desktop\OCR_2\data_generation_kraken\project\output3\16\line_036.png,"reales mas, en dos partidas, y dellos le otorga car-"
C:\Users\nikk6\OneDrive\Desktop\OCR_2\data_generation_kraken\project\output3\16\line_037.png,ta de pago.
C:\Users\nikk6\OneDrive\Desktop\OCR_2\data_generation_kraken\project\output3\17\line_001.png,DEUS IN ADIUTORIUM MEUM INTENDE
C:\Users\nikk6\OneDrive\Desktop\OCR_2\data_generation_kraken\project\output3\17\line_002.png,POR
C:\Users\nikk6\OneDrive\Desktop\OCR_2\data_generation_kraken\project\output3\17\line_004.png,Don Felipe Leizado
C:\Users\nikk6\OneDrive\Desktop\OCR_2\data_generation_kraken\project\output3\17\line_005.png,"Caballero del Orden Santiago, Ca-"
C:\Users\nikk6\OneDrive\Desktop\OCR_2\data_generation_kraken\project\output3\17\line_006.png,pitan de Caballos del Ejército
C:\Users\nikk6\OneDrive\Desktop\OCR_2\data_generation_kraken\project\output3\17\line_014.png,de Milán.
C:\Users\nikk6\OneDrive\Desktop\OCR_2\data_generation_kraken\project\output3\17\line_015.png,En la causa criminal de uxoricidio que
C:\Users\nikk6\OneDrive\Desktop\OCR_2\data_generation_kraken\project\output3\17\line_016.png,contra él se figue.
C:\Users\nikk6\OneDrive\Desktop\OCR_2\data_generation_kraken\project\output3\17\line_017.png,1. Para que con la distinción se consiga
C:\Users\nikk6\OneDrive\Desktop\OCR_2\data_generation_kraken\project\output3\17\line_018.png,"la brevedad, y claridad de este papel, lo"
C:\Users\nikk6\OneDrive\Desktop\OCR_2\data_generation_kraken\project\output3\17\line_019.png,dividiremos en dos artículos. En el
C:\Users\nikk6\OneDrive\Desktop\OCR_2\data_generation_kraken\project\output3\17\line_020.png,primero defenderemos estar prova-
C:\Users\nikk6\OneDrive\Desktop\OCR_2\data_generation_kraken\project\output3\17\line_021.png,"do el adulterio. En el segundo, que no"
C:\Users\nikk6\OneDrive\Desktop\OCR_2\data_generation_kraken\project\output3\17\line_022.png,"merece Don Felipe pena alguna, y que"
C:\Users\nikk6\OneDrive\Desktop\OCR_2\data_generation_kraken\project\output3\17\line_023.png,"debe ser absuelto, y confirmar la sentencia del señor"
C:\Users\nikk6\OneDrive\Desktop\OCR_2\data_generation_kraken\project\output3\17\line_024.png,"Arzobispo de Milán Subdelegado del Consejo, en que"
C:\Users\nikk6\OneDrive\Desktop\OCR_2\data_generation_kraken\project\output3\17\line_025.png,le dio por libre.
C:\Users\nikk6\OneDrive\Desktop\OCR_2\data_generation_kraken\project\output3\17\line_026.png,2. La acusación que se le ha hecho a Don Felipe se
C:\Users\nikk6\OneDrive\Desktop\OCR_2\data_generation_kraken\project\output3\17\line_027.png,"funda en la confesión que hizo del uxoricidio, pero es"
C:\Users\nikk6\OneDrive\Desktop\OCR_2\data_generation_kraken\project\output3\17\line_028.png,"de advertir que la calificación con la causa de adulterio, la"
C:\Users\nikk6\OneDrive\Desktop\OCR_2\data_generation_kraken\project\output3\17\line_029.png,"cual por haberla probado con evidencia, quita la mala"
C:\Users\nikk6\OneDrive\Desktop\OCR_2\data_generation_kraken\project\output3\17\line_030.png,presunción del homicidio. …impunitatem D. Phili-
C:\Users\nikk6\OneDrive\Desktop\OCR_2\data_generation_kraken\project\output3\17\line_031.png,"po condonat ad tradita, per Onded. conf. 96. num 25."
C:\Users\nikk6\OneDrive\Desktop\OCR_2\data_generation_kraken\project\output3\17\line_032.png,lib. 1. Surd.conf. num 67. … re longe examinata
C:\Users\nikk6\OneDrive\Desktop\OCR_2\data_generation_kraken\project\output3\17\line_033.png,firmat vivendus Farinac. De reo confes… convict. q. 81.
C:\Users\nikk6\OneDrive\Desktop\OCR_2\data_generation_kraken\project\output3\17\line_034.png,num. 153.
C:\Users\nikk6\OneDrive\Desktop\OCR_2\data_generation_kraken\project\output3\18\line_001.png,Artículo primero
C:\Users\nikk6\OneDrive\Desktop\OCR_2\data_generation_kraken\project\output3\18\line_002.png,3. Aunque es regular en estos delitos venéreos la
C:\Users\nikk6\OneDrive\Desktop\OCR_2\data_generation_kraken\project\output3\18\line_003.png,"prueba por presunciones, ex responso Pontifi-"
C:\Users\nikk6\OneDrive\Desktop\OCR_2\data_generation_kraken\project\output3\18\line_004.png,cis in cap. literis 12. de presumpt. … incap. Proterea de
C:\Users\nikk6\OneDrive\Desktop\OCR_2\data_generation_kraken\project\output3\18\line_005.png,"testib us cum notatis ibidem per Canonitas, …Bart in"
C:\Users\nikk6\OneDrive\Desktop\OCR_2\data_generation_kraken\project\output3\18\line_006.png,1.2…num.3.ff.ad l Iul de adult. Está sin embargo
C:\Users\nikk6\OneDrive\Desktop\OCR_2\data_generation_kraken\project\output3\18\line_007.png,"la adultera tan convencida de su delito, que más se pue"
C:\Users\nikk6\OneDrive\Desktop\OCR_2\data_generation_kraken\project\output3\18\line_008.png,de decir (vt evidens aparebit) que consta del phisica y
C:\Users\nikk6\OneDrive\Desktop\OCR_2\data_generation_kraken\project\output3\18\line_009.png,"realmente, que no por presunciones, y tan sin tergi-"
C:\Users\nikk6\OneDrive\Desktop\OCR_2\data_generation_kraken\project\output3\18\line_010.png,"versación, que cualquiera de esta prueba es suficiente"
C:\Users\nikk6\OneDrive\Desktop\OCR_2\data_generation_kraken\project\output3\18\line_011.png,"para la condenación de ambos efectos ordinarios civil,"
C:\Users\nikk6\OneDrive\Desktop\OCR_2\data_generation_kraken\project\output3\18\line_012.png,y criminal.
C:\Users\nikk6\OneDrive\Desktop\OCR_2\data_generation_kraken\project\output3\18\line_013.png,"4. Comenzando por la phisica, y verdadera, no pa-"
C:\Users\nikk6\OneDrive\Desktop\OCR_2\data_generation_kraken\project\output3\18\line_014.png,rece se puede poner duda en ella: porque consta por su
C:\Users\nikk6\OneDrive\Desktop\OCR_2\data_generation_kraken\project\output3\18\line_015.png,"propia confesión de la adultera, ad text. in cap penult."
C:\Users\nikk6\OneDrive\Desktop\OCR_2\data_generation_kraken\project\output3\18\line_016.png,"de adult. in eis verbis: Vel per evidentiamrei, vel per"
C:\Users\nikk6\OneDrive\Desktop\OCR_2\data_generation_kraken\project\output3\18\line_017.png,confesionem legitimam mulieris plur a per Farinac de
C:\Users\nikk6\OneDrive\Desktop\OCR_2\data_generation_kraken\project\output3\18\line_018.png,confes quest. 81. cap 1. num.28.
C:\Users\nikk6\OneDrive\Desktop\OCR_2\data_generation_kraken\project\output3\18\line_019.png,5. Está reiterada esta confesión en muchas cartas
C:\Users\nikk6\OneDrive\Desktop\OCR_2\data_generation_kraken\project\output3\18\line_020.png,que escribió la adultera a su amante de quibus in proces-
C:\Users\nikk6\OneDrive\Desktop\OCR_2\data_generation_kraken\project\output3\18\line_021.png,su. En las cuales manifiesta el trato ilícito que con él
C:\Users\nikk6\OneDrive\Desktop\OCR_2\data_generation_kraken\project\output3\18\line_022.png,"había tenido, y tenía, significándole la perseverancia de"
C:\Users\nikk6\OneDrive\Desktop\OCR_2\data_generation_kraken\project\output3\18\line_023.png,"su torpe afecto, y la fineza con que le amaba, y el temor"
C:\Users\nikk6\OneDrive\Desktop\OCR_2\data_generation_kraken\project\output3\18\line_024.png,"que tenia de que se descubriese este delito, por haberse"
C:\Users\nikk6\OneDrive\Desktop\OCR_2\data_generation_kraken\project\output3\18\line_025.png,conocido señales de sospecha en algunos criados con o
C:\Users\nikk6\OneDrive\Desktop\OCR_2\data_generation_kraken\project\output3\18\line_026.png,"parece de sus palabras, que traducidas en castellano so-"
C:\Users\nikk6\OneDrive\Desktop\OCR_2\data_generation_kraken\project\output3\18\line_027.png,"nan en frecuencia: Querido mío, por las señas que me hi-"
C:\Users\nikk6\OneDrive\Desktop\OCR_2\data_generation_kraken\project\output3\18\line_028.png,"ciste ayer por la mañana, como también por dar cobro"
C:\Users\nikk6\OneDrive\Desktop\OCR_2\data_generation_kraken\project\output3\18\line_029.png,"al que va con este, envié a la fiel al puesto al las cuatro,"
C:\Users\nikk6\OneDrive\Desktop\OCR_2\data_generation_kraken\project\output3\18\line_030.png,"y allí estuvo hasta las cinco, y después la dicha fiel me"
C:\Users\nikk6\OneDrive\Desktop\OCR_2\data_generation_kraken\project\output3\18\line_031.png,"refirió al tiro que hizo Jacome, que luego que dieron las"
C:\Users\nikk6\OneDrive\Desktop\OCR_2\data_generation_kraken\project\output3\18\line_032.png,cuatro abrieron una ventana en el dicho aposento de
C:\Users\nikk6\OneDrive\Desktop\OCR_2\data_generation_kraken\project\output3\18\line_033.png,"Jacome, y estuvo abierta hasta las cinco, y después la oyó"
C:\Users\nikk6\OneDrive\Desktop\OCR_2\data_generation_kraken\project\output3\18\line_034.png,"cerrar. Digo mi bien, que estos quieren hacer nuevos"
C:\Users\nikk6\OneDrive\Desktop\OCR_2\data_generation_kraken\project\output3\19\line_001.png,"platillos si no nos gobernamos con prudencia. Jacome y,"
C:\Users\nikk6\OneDrive\Desktop\OCR_2\data_generation_kraken\project\output3\19\line_002.png,"el cocinero hablan siempre en su lengua, con parientes"
C:\Users\nikk6\OneDrive\Desktop\OCR_2\data_generation_kraken\project\output3\19\line_003.png,"de Matias; y plega a Dios, que una vez u otra no de-"
C:\Users\nikk6\OneDrive\Desktop\OCR_2\data_generation_kraken\project\output3\19\line_004.png,mos en la trampa. Bien sé que estas mis palabras se echa-
C:\Users\nikk6\OneDrive\Desktop\OCR_2\data_generation_kraken\project\output3\19\line_005.png,rán al aire porque vos joya mía no queréis hacer ca-
C:\Users\nikk6\OneDrive\Desktop\OCR_2\data_generation_kraken\project\output3\19\line_006.png,"so: porque si….. temor de lo que yo digo, no os hu-"
C:\Users\nikk6\OneDrive\Desktop\OCR_2\data_generation_kraken\project\output3\19\line_007.png,"biera despuesto dos veces en tanto peligro, como es ve-"
C:\Users\nikk6\OneDrive\Desktop\OCR_2\data_generation_kraken\project\output3\19\line_008.png,"nir a casa de día, particularmente la noche que vinis-"
C:\Users\nikk6\OneDrive\Desktop\OCR_2\data_generation_kraken\project\output3\19\line_009.png,te con el criado que el cocinero ha dicho libremente que
C:\Users\nikk6\OneDrive\Desktop\OCR_2\data_generation_kraken\project\output3\19\line_010.png,"os ha visto. Ay Dios, si este hablase como hizo de las"
C:\Users\nikk6\OneDrive\Desktop\OCR_2\data_generation_kraken\project\output3\19\line_011.png,"Rotulas, que sería de mí, o mi g. Estáis vos fuera de ca-"
C:\Users\nikk6\OneDrive\Desktop\OCR_2\data_generation_kraken\project\output3\19\line_012.png,"sa, yo estoy en manos de canalla, que pueden ser causa"
C:\Users\nikk6\OneDrive\Desktop\OCR_2\data_generation_kraken\project\output3\19\line_013.png,"de mi muerte, y no la huyera por escapar con la seguir-"
C:\Users\nikk6\OneDrive\Desktop\OCR_2\data_generation_kraken\project\output3\19\line_014.png,dad de la vida una mancha eterna de infamia: hablo
C:\Users\nikk6\OneDrive\Desktop\OCR_2\data_generation_kraken\project\output3\19\line_015.png,"con vos corazón mío, que en mi se haya enfriado el amor,"
C:\Users\nikk6\OneDrive\Desktop\OCR_2\data_generation_kraken\project\output3\19\line_016.png,"mas si consideraseis mis trabajos, no habalriades así,"
C:\Users\nikk6\OneDrive\Desktop\OCR_2\data_generation_kraken\project\output3\19\line_017.png,"antes deviades aseguraos, que si yo no os amara de"
C:\Users\nikk6\OneDrive\Desktop\OCR_2\data_generation_kraken\project\output3\19\line_018.png,"veras, no hubiera sido constante a golpe de muerte, como"
C:\Users\nikk6\OneDrive\Desktop\OCR_2\data_generation_kraken\project\output3\19\line_019.png,"lo he pasado. Juzgo también, que el dejaros ver todas"
C:\Users\nikk6\OneDrive\Desktop\OCR_2\data_generation_kraken\project\output3\19\line_020.png,"las noches cuando vengo de casa de mi madre, no esté"
C:\Users\nikk6\OneDrive\Desktop\OCR_2\data_generation_kraken\project\output3\19\line_021.png,bien porque este mal viejo del gentilhombre no se quie-
C:\Users\nikk6\OneDrive\Desktop\OCR_2\data_generation_kraken\project\output3\19\line_022.png,"re apartar de mí, y después con la venida del amigo, el"
C:\Users\nikk6\OneDrive\Desktop\OCR_2\data_generation_kraken\project\output3\19\line_023.png,"cual vendrá esta noche, puede ser que venga acaso con-"
C:\Users\nikk6\OneDrive\Desktop\OCR_2\data_generation_kraken\project\output3\19\line_024.png,"migo. Todo os sirva por bien, y aquí con desentrañable"
C:\Users\nikk6\OneDrive\Desktop\OCR_2\data_generation_kraken\project\output3\19\line_025.png,"amor os beso infinitas veces, a Dios. Vuestra fiel."
C:\Users\nikk6\OneDrive\Desktop\OCR_2\data_generation_kraken\project\output3\19\line_026.png,"6. Et in alia espistola, his verbis: Tesoro mío, sois"
C:\Users\nikk6\OneDrive\Desktop\OCR_2\data_generation_kraken\project\output3\19\line_027.png,"embustero mío, un luchador en la empresa de amor,"
C:\Users\nikk6\OneDrive\Desktop\OCR_2\data_generation_kraken\project\output3\19\line_028.png,"de los mayores que pueden haber nacido, y que nace-"
C:\Users\nikk6\OneDrive\Desktop\OCR_2\data_generation_kraken\project\output3\19\line_029.png,"rán al mundo, de suerte que cualquier dama se da"
C:\Users\nikk6\OneDrive\Desktop\OCR_2\data_generation_kraken\project\output3\19\line_030.png,"por rendida, y yo como tal me echo a tues pies, su-"
C:\Users\nikk6\OneDrive\Desktop\OCR_2\data_generation_kraken\project\output3\19\line_031.png,"plicándote el que me tengas compasión, si no pu-"
C:\Users\nikk6\OneDrive\Desktop\OCR_2\data_generation_kraken\project\output3\19\line_032.png,"diese estos días recibirte de nuevo en mis brazos, atenta"
C:\Users\nikk6\OneDrive\Desktop\OCR_2\data_generation_kraken\project\output3\19\line_033.png,"que me siento flaquísima, y muy dolorida de vuestros"
C:\Users\nikk6\OneDrive\Desktop\OCR_2\data_generation_kraken\project\output3\19\line_034.png,"golpes, que me hieren con tan dulce furia. No quisiera"
C:\Users\nikk6\OneDrive\Desktop\OCR_2\data_generation_kraken\project\output3\19\line_035.png,"después, o mi caro bien reysedes que el no quereros"
